ogc_fid,id,cd_mun,nm_mun,sigla_uf,area_km2,mean,min,max,sum,std,median
1,1.0,3500105,Adamantina,SP,411.987,0.0,0.0,0.0,0.0,0.0,0.0
2,2.0,3500204,Adolfo,SP,211.055,0.0,0.0,0.0,0.0,0.0,0.0
3,3.0,3500303,AguaÃ­,SP,474.554,0.0,0.0,0.0,0.0,0.0,0.0
4,4.0,3500402,Ãguas da Prata,SP,142.673,0.0,0.0,0.0,0.0,0.0,0.0
5,5.0,3500501,Ãguas de LindÃ³ia,SP,60.126,0.0,0.0,0.0,0.0,0.0,0.0
6,6.0,3500550,Ãguas de Santa BÃ¡rbara,SP,404.463,0.0,0.0,0.0,0.0,0.0,0.0
7,7.0,3500600,Ãguas de SÃ£o Pedro,SP,3.612,,,,,,
8,8.0,3500709,Agudos,SP,966.708,0.0,0.0,0.0,0.0,0.0,0.0
9,9.0,3500758,Alambari,SP,159.6,0.0,0.0,0.0,0.0,0.0,0.0
10,10.0,3500808,Alfredo Marcondes,SP,118.915,0.0,0.0,0.0,0.0,0.0,0.0
11,11.0,3500907,Altair,SP,313.007,0.0,0.0,0.0,0.0,0.0,0.0
12,12.0,3501004,AltinÃ³polis,SP,928.956,0.0,0.0,0.0,0.0,0.0,0.0
13,13.0,3501103,Alto Alegre,SP,318.574,0.0,0.0,0.0,0.0,0.0,0.0
14,14.0,3501152,AlumÃ­nio,SP,83.619,0.0,0.0,0.0,0.0,0.0,0.0
15,15.0,3501202,Ãlvares Florence,SP,362.411,0.0,0.0,0.0,0.0,0.0,0.0
16,16.0,3501301,Ãlvares Machado,SP,347.647,0.0,0.0,0.0,0.0,0.0,0.0
17,17.0,3501400,Ãlvaro de Carvalho,SP,153.662,0.0,0.0,0.0,0.0,0.0,0.0
18,46.0,3503950,AspÃ¡sia,SP,69.373,0.0,0.0,0.0,0.0,0.0,0.0
19,47.0,3504008,Assis,SP,460.609,0.0,0.0,0.0,0.0,0.0,0.0
20,48.0,3504107,Atibaia,SP,478.521,0.0,0.0,0.0,0.0,0.0,0.0
21,49.0,3504206,Auriflama,SP,434.498,0.0,0.0,0.0,0.0,0.0,0.0
22,18.0,3501509,AlvinlÃ¢ndia,SP,84.879,0.0,0.0,0.0,0.0,0.0,0.0
23,19.0,3501608,Americana,SP,133.912,0.0,0.0,0.0,0.0,0.0,0.0
24,50.0,3504305,AvaÃ­,SP,540.689,0.0,0.0,0.0,0.0,0.0,0.0
25,51.0,3504404,Avanhandava,SP,338.37,0.0,0.0,0.0,0.0,0.0,0.0
26,52.0,3504503,AvarÃ©,SP,1213.055,0.0,0.0,0.0,0.0,0.0,0.0
27,53.0,3504602,Bady Bassitt,SP,110.372,0.0,0.0,0.0,0.0,0.0,0.0
28,20.0,3501707,AmÃ©rico Brasiliense,SP,122.958,0.0,0.0,0.0,0.0,0.0,0.0
29,21.0,3501806,AmÃ©rico de Campos,SP,252.876,0.0,0.0,0.0,0.0,0.0,0.0
30,22.0,3501905,Amparo,SP,445.323,0.0,0.0,0.0,0.0,0.0,0.0
31,23.0,3502002,AnalÃ¢ndia,SP,325.953,0.0,0.0,0.0,0.0,0.0,0.0
32,24.0,3502101,Andradina,SP,964.226,0.0,0.0,0.0,0.0,0.0,0.0
33,25.0,3502200,Angatuba,SP,1027.288,0.0,0.0,0.0,0.0,0.0,0.0
34,26.0,3502309,Anhembi,SP,736.557,0.0,0.0,0.0,0.0,0.0,0.0
35,27.0,3502408,Anhumas,SP,320.84,0.0,0.0,0.0,0.0,0.0,0.0
36,28.0,3502507,Aparecida,SP,120.89,0.0,0.0,0.0,0.0,0.0,0.0
37,29.0,3502606,Aparecida d'Oeste,SP,179.004,0.0,0.0,0.0,0.0,0.0,0.0
38,30.0,3502705,ApiaÃ­,SP,974.322,0.0,0.0,0.0,0.0,0.0,0.0
39,31.0,3502754,AraÃ§ariguama,SP,145.204,0.0,0.0,0.0,0.0,0.0,0.0
40,32.0,3502804,AraÃ§atuba,SP,1167.126,0.0,0.0,0.0,0.0,0.0,0.0
41,33.0,3502903,AraÃ§oiaba da Serra,SP,255.305,0.0,0.0,0.0,0.0,0.0,0.0
42,34.0,3503000,Aramina,SP,202.829,0.0,0.0,0.0,0.0,0.0,0.0
43,35.0,3503109,Arandu,SP,285.908,0.0,0.0,0.0,0.0,0.0,0.0
44,36.0,3503158,ArapeÃ­,SP,156.903,0.0009765625,0.0,0.0205078125,0.0205078125,0.004367320268554277,0.0
45,37.0,3503208,Araraquara,SP,1003.625,0.0,0.0,0.0,0.0,0.0,0.0
46,38.0,3503307,Araras,SP,644.831,0.0,0.0,0.0,0.0,0.0,0.0
47,39.0,3503356,Arco-Ãris,SP,264.904,0.0,0.0,0.0,0.0,0.0,0.0
48,40.0,3503406,Arealva,SP,506.226,0.0,0.0,0.0,0.0,0.0,0.0
49,41.0,3503505,Areias,SP,305.227,0.013480808423913044,0.0,0.1123046875,0.6201171875,0.029051437066578832,0.0
50,42.0,3503604,AreiÃ³polis,SP,85.907,0.0,0.0,0.0,0.0,0.0,0.0
51,43.0,3503703,Ariranha,SP,132.624,0.0,0.0,0.0,0.0,0.0,0.0
52,44.0,3503802,Artur Nogueira,SP,178.026,0.0,0.0,0.0,0.0,0.0,0.0
53,45.0,3503901,ArujÃ¡,SP,96.167,0.0,0.0,0.0,0.0,0.0,0.0
54,54.0,3504701,Balbinos,SP,91.635,0.0,0.0,0.0,0.0,0.0,0.0
55,83.0,3507308,BoracÃ©ia,SP,122.11,0.0,0.0,0.0,0.0,0.0,0.0
56,84.0,3507407,Borborema,SP,552.256,0.0,0.0,0.0,0.0,0.0,0.0
57,85.0,3507456,Borebi,SP,347.989,0.0,0.0,0.0,0.0,0.0,0.0
58,86.0,3507506,Botucatu,SP,1482.642,0.0,0.0,0.0,0.0,0.0,0.0
59,87.0,3507605,BraganÃ§a Paulista,SP,512.584,0.0,0.0,0.0,0.0,0.0,0.0
60,55.0,3504800,BÃ¡lsamo,SP,149.881,0.0,0.0,0.0,0.0,0.0,0.0
61,56.0,3504909,Bananal,SP,616.429,0.02820806393678161,0.0,0.1435546875,2.4541015625,0.0409526172635808,0.0
62,57.0,3505005,BarÃ£o de Antonina,SP,153.142,0.0,0.0,0.0,0.0,0.0,0.0
63,58.0,3505104,Barbosa,SP,205.212,0.0,0.0,0.0,0.0,0.0,0.0
64,59.0,3505203,Bariri,SP,444.405,0.0,0.0,0.0,0.0,0.0,0.0
65,88.0,3507704,BraÃºna,SP,195.176,0.0,0.0,0.0,0.0,0.0,0.0
66,60.0,3505302,Barra Bonita,SP,150.121,0.0,0.0,0.0,0.0,0.0,0.0
67,61.0,3505351,Barra do ChapÃ©u,SP,405.681,0.0,0.0,0.0,0.0,0.0,0.0
68,62.0,3505401,Barra do Turvo,SP,1007.684,0.0,0.0,0.0,0.0,0.0,0.0
69,63.0,3505500,Barretos,SP,1566.161,0.0,0.0,0.0,0.0,0.0,0.0
70,64.0,3505609,Barrinha,SP,146.025,0.0,0.0,0.0,0.0,0.0,0.0
71,65.0,3505708,Barueri,SP,65.701,0.0,0.0,0.0,0.0,0.0,0.0
72,66.0,3505807,Bastos,SP,170.912,0.0,0.0,0.0,0.0,0.0,0.0
73,67.0,3505906,Batatais,SP,849.526,0.0,0.0,0.0,0.0,0.0,0.0
74,68.0,3506003,Bauru,SP,667.684,0.0,0.0,0.0,0.0,0.0,0.0
75,69.0,3506102,Bebedouro,SP,683.192,0.0,0.0,0.0,0.0,0.0,0.0
76,70.0,3506201,Bento de Abreu,SP,301.687,0.0,0.0,0.0,0.0,0.0,0.0
77,71.0,3506300,Bernardino de Campos,SP,244.158,0.0,0.0,0.0,0.0,0.0,0.0
78,72.0,3506359,Bertioga,SP,491.546,0.029426125919117647,0.0,0.09375,2.0009765625,0.02426823660038502,0.0234375
79,73.0,3506409,Bilac,SP,158.025,0.0,0.0,0.0,0.0,0.0,0.0
80,74.0,3506508,Birigui,SP,530.031,0.0,0.0,0.0,0.0,0.0,0.0
81,75.0,3506607,Biritiba Mirim,SP,317.406,0.0012051196808510638,0.0,0.0146484375,0.056640625,0.002878773896628656,0.0
82,76.0,3506706,Boa EsperanÃ§a do Sul,SP,690.748,0.0,0.0,0.0,0.0,0.0,0.0
83,77.0,3506805,Bocaina,SP,363.926,0.0,0.0,0.0,0.0,0.0,0.0
84,78.0,3506904,Bofete,SP,653.541,0.0,0.0,0.0,0.0,0.0,0.0
85,79.0,3507001,Boituva,SP,248.954,0.0,0.0,0.0,0.0,0.0,0.0
86,80.0,3507100,Bom Jesus dos PerdÃµes,SP,108.366,0.0,0.0,0.0,0.0,0.0,0.0
87,113.0,3509908,CananÃ©ia,SP,1237.354,5.455656424581006e-06,0.0,0.0009765625,0.0009765625,7.278753526605235e-05,0.0
88,81.0,3507159,Bom Sucesso de ItararÃ©,SP,133.578,0.0,0.0,0.0,0.0,0.0,0.0
89,82.0,3507209,BorÃ¡,SP,118.951,0.0,0.0,0.0,0.0,0.0,0.0
90,175.0,3515301,Estrela do Norte,SP,264.987,0.0,0.0,0.0,0.0,0.0,0.0
91,89.0,3507753,Brejo Alegre,SP,105.689,0.0,0.0,0.0,0.0,0.0,0.0
92,90.0,3507803,Brodowski,SP,278.458,0.0,0.0,0.0,0.0,0.0,0.0
93,91.0,3507902,Brotas,SP,1101.373,0.0,0.0,0.0,0.0,0.0,0.0
94,92.0,3508009,Buri,SP,1196.463,0.0,0.0,0.0,0.0,0.0,0.0
95,93.0,3508108,Buritama,SP,326.921,0.0,0.0,0.0,0.0,0.0,0.0
96,94.0,3508207,Buritizal,SP,266.42,0.0,0.0,0.0,0.0,0.0,0.0
97,95.0,3508306,CabrÃ¡lia Paulista,SP,239.974,0.0,0.0,0.0,0.0,0.0,0.0
98,96.0,3508405,CabreÃºva,SP,260.234,0.0,0.0,0.0,0.0,0.0,0.0
99,97.0,3508504,CaÃ§apava,SP,368.99,0.0,0.0,0.0,0.0,0.0,0.0
100,98.0,3508603,Cachoeira Paulista,SP,287.99,0.0,0.0,0.0,0.0,0.0,0.0
101,99.0,3508702,Caconde,SP,468.214,0.0,0.0,0.0,0.0,0.0,0.0
102,100.0,3508801,CafelÃ¢ndia,SP,920.28,0.0,0.0,0.0,0.0,0.0,0.0
103,101.0,3508900,Caiabu,SP,253.352,0.0,0.0,0.0,0.0,0.0,0.0
104,102.0,3509007,Caieiras,SP,97.642,0.0,0.0,0.0,0.0,0.0,0.0
105,103.0,3509106,CaiuÃ¡,SP,551.159,0.0,0.0,0.0,0.0,0.0,0.0
106,104.0,3509205,Cajamar,SP,131.386,0.0,0.0,0.0,0.0,0.0,0.0
107,105.0,3509254,Cajati,SP,454.436,0.0,0.0,0.0,0.0,0.0,0.0
108,106.0,3509304,Cajobi,SP,176.929,0.0,0.0,0.0,0.0,0.0,0.0
109,107.0,3509403,Cajuru,SP,660.088,0.0,0.0,0.0,0.0,0.0,0.0
110,108.0,3509452,Campina do Monte Alegre,SP,184.479,0.0,0.0,0.0,0.0,0.0,0.0
111,109.0,3509502,Campinas,SP,794.571,0.0,0.0,0.0,0.0,0.0,0.0
112,110.0,3509601,Campo Limpo Paulista,SP,79.403,0.0,0.0,0.0,0.0,0.0,0.0
113,111.0,3509700,Campos do JordÃ£o,SP,289.981,0.0,0.0,0.0,0.0,0.0,0.0
114,112.0,3509809,Campos Novos Paulista,SP,484.199,0.0,0.0,0.0,0.0,0.0,0.0
115,114.0,3509957,Canas,SP,53.261,0.0,0.0,0.0,0.0,0.0,0.0
116,115.0,3510005,CÃ¢ndido Mota,SP,595.811,0.0,0.0,0.0,0.0,0.0,0.0
117,116.0,3510104,CÃ¢ndido Rodrigues,SP,70.892,0.0,0.0,0.0,0.0,0.0,0.0
118,181.0,3515707,Ferraz de Vasconcelos,SP,29.547,0.0,0.0,0.0,0.0,0.0,0.0
119,182.0,3515806,Flora Rica,SP,224.711,0.0,0.0,0.0,0.0,0.0,0.0
120,183.0,3515905,Floreal,SP,204.236,0.0,0.0,0.0,0.0,0.0,0.0
121,184.0,3516002,FlÃ³rida Paulista,SP,524.138,0.0,0.0,0.0,0.0,0.0,0.0
122,117.0,3510153,Canitar,SP,57.459,0.0,0.0,0.0,0.0,0.0,0.0
123,118.0,3510203,CapÃ£o Bonito,SP,1640.229,0.0,0.0,0.0,0.0,0.0,0.0
124,119.0,3510302,Capela do Alto,SP,169.89,0.0,0.0,0.0,0.0,0.0,0.0
125,120.0,3510401,Capivari,SP,322.878,0.0,0.0,0.0,0.0,0.0,0.0
126,121.0,3510500,Caraguatatuba,SP,484.947,0.133056640625,0.009765625,0.240234375,9.580078125,0.06689091755433405,0.12353515625
127,122.0,3510609,CarapicuÃ­ba,SP,34.546,0.0,0.0,0.0,0.0,0.0,0.0
128,123.0,3510708,Cardoso,SP,639.248,0.0,0.0,0.0,0.0,0.0,0.0
129,124.0,3510807,Casa Branca,SP,864.225,0.0,0.0,0.0,0.0,0.0,0.0
130,125.0,3510906,CÃ¡ssia dos Coqueiros,SP,191.683,0.0,0.0,0.0,0.0,0.0,0.0
131,126.0,3511003,Castilho,SP,1065.318,0.0,0.0,0.0,0.0,0.0,0.0
132,127.0,3511102,Catanduva,SP,290.596,0.0,0.0,0.0,0.0,0.0,0.0
133,190.0,3516606,GÃ¡lia,SP,355.914,0.0,0.0,0.0,0.0,0.0,0.0
134,191.0,3516705,GarÃ§a,SP,555.807,0.0,0.0,0.0,0.0,0.0,0.0
135,192.0,3516804,GastÃ£o Vidigal,SP,180.569,0.0,0.0,0.0,0.0,0.0,0.0
136,193.0,3516853,GaviÃ£o Peixoto,SP,243.766,0.0,0.0,0.0,0.0,0.0,0.0
137,194.0,3516903,General Salgado,SP,494.376,0.0,0.0,0.0,0.0,0.0,0.0
138,195.0,3517000,Getulina,SP,676.755,0.0,0.0,0.0,0.0,0.0,0.0
139,196.0,3517109,GlicÃ©rio,SP,272.8,0.0,0.0,0.0,0.0,0.0,0.0
140,197.0,3517208,GuaiÃ§ara,SP,277.154,0.0,0.0,0.0,0.0,0.0,0.0
141,198.0,3517307,GuaimbÃª,SP,217.811,0.0,0.0,0.0,0.0,0.0,0.0
142,199.0,3517406,GuaÃ­ra,SP,1258.465,0.0,0.0,0.0,0.0,0.0,0.0
143,200.0,3517505,GuapiaÃ§u,SP,325.126,0.0,0.0,0.0,0.0,0.0,0.0
144,201.0,3517604,Guapiara,SP,408.292,0.0,0.0,0.0,0.0,0.0,0.0
145,202.0,3517703,GuarÃ¡,SP,362.183,0.0,0.0,0.0,0.0,0.0,0.0
146,203.0,3517802,GuaraÃ§aÃ­,SP,569.197,0.0,0.0,0.0,0.0,0.0,0.0
147,204.0,3517901,Guaraci,SP,641.501,0.0,0.0,0.0,0.0,0.0,0.0
148,128.0,3511201,CatiguÃ¡,SP,148.393,0.0,0.0,0.0,0.0,0.0,0.0
149,129.0,3511300,Cedral,SP,197.838,0.0,0.0,0.0,0.0,0.0,0.0
150,130.0,3511409,Cerqueira CÃ©sar,SP,511.621,0.0,0.0,0.0,0.0,0.0,0.0
151,131.0,3511508,Cerquilho,SP,127.803,0.0,0.0,0.0,0.0,0.0,0.0
152,132.0,3511607,CesÃ¡rio Lange,SP,190.392,0.0,0.0,0.0,0.0,0.0,0.0
153,133.0,3511706,Charqueada,SP,175.846,0.0,0.0,0.0,0.0,0.0,0.0
154,134.0,3511904,Clementina,SP,168.59,0.0,0.0,0.0,0.0,0.0,0.0
155,135.0,3512001,Colina,SP,422.303,0.0,0.0,0.0,0.0,0.0,0.0
156,136.0,3512100,ColÃ´mbia,SP,728.648,0.0,0.0,0.0,0.0,0.0,0.0
157,137.0,3512209,Conchal,SP,182.793,0.0,0.0,0.0,0.0,0.0,0.0
158,138.0,3512308,Conchas,SP,466.12,0.0,0.0,0.0,0.0,0.0,0.0
159,213.0,3518800,Guarulhos,SP,318.675,0.0,0.0,0.0,0.0,0.0,0.0
160,214.0,3518859,GuataparÃ¡,SP,413.567,0.0,0.0,0.0,0.0,0.0,0.0
161,215.0,3518909,GuzolÃ¢ndia,SP,252.477,0.0,0.0,0.0,0.0,0.0,0.0
162,216.0,3519006,HerculÃ¢ndia,SP,364.252,0.0,0.0,0.0,0.0,0.0,0.0
163,139.0,3512407,CordeirÃ³polis,SP,137.579,0.0,0.0,0.0,0.0,0.0,0.0
164,140.0,3512506,Coroados,SP,246.825,0.0,0.0,0.0,0.0,0.0,0.0
165,141.0,3512605,Coronel Macedo,SP,303.83,0.0,0.0,0.0,0.0,0.0,0.0
166,142.0,3512704,CorumbataÃ­,SP,278.622,0.0,0.0,0.0,0.0,0.0,0.0
167,143.0,3512803,CosmÃ³polis,SP,154.665,0.0,0.0,0.0,0.0,0.0,0.0
168,144.0,3512902,Cosmorama,SP,441.68,0.0,0.0,0.0,0.0,0.0,0.0
169,145.0,3513009,Cotia,SP,323.994,0.0,0.0,0.0,0.0,0.0,0.0
170,146.0,3513108,Cravinhos,SP,311.423,0.0,0.0,0.0,0.0,0.0,0.0
171,147.0,3513207,Cristais Paulista,SP,385.23,0.0,0.0,0.0,0.0,0.0,0.0
172,226.0,3519709,IbiÃºna,SP,1058.082,0.008238517197986578,0.0,0.0771484375,1.2275390625,0.01895662751209128,0.0
173,227.0,3519808,IcÃ©m,SP,362.355,0.0,0.0,0.0,0.0,0.0,0.0
174,228.0,3519907,IepÃª,SP,594.974,0.0,0.0,0.0,0.0,0.0,0.0
175,229.0,3520004,IgaraÃ§u do TietÃª,SP,97.747,0.0,0.0,0.0,0.0,0.0,0.0
176,230.0,3520103,Igarapava,SP,468.355,0.0,0.0,0.0,0.0,0.0,0.0
177,231.0,3520202,IgaratÃ¡,SP,292.953,0.0,0.0,0.0,0.0,0.0,0.0
178,232.0,3520301,Iguape,SP,1978.795,0.01512803047153025,0.0,0.0625,4.2509765625,0.023059275856904538,0.0
179,233.0,3520400,Ilhabela,SP,346.389,0.001953125,0.0,0.0283203125,0.09375,0.006653298644521385,0.0
180,234.0,3520426,Ilha Comprida,SP,196.567,0.0173828125,0.0,0.0625,0.521484375,0.023983706983775336,0.0
181,235.0,3520442,Ilha Solteira,SP,652.641,0.0,0.0,0.0,0.0,0.0,0.0
182,236.0,3520509,Indaiatuba,SP,311.545,0.0,0.0,0.0,0.0,0.0,0.0
183,237.0,3520608,Indiana,SP,129.367,0.0,0.0,0.0,0.0,0.0,0.0
184,148.0,3513306,CruzÃ¡lia,SP,149.33,0.0,0.0,0.0,0.0,0.0,0.0
185,149.0,3513405,Cruzeiro,SP,305.699,0.0,0.0,0.0,0.0,0.0,0.0
186,150.0,3513504,CubatÃ£o,SP,142.879,0.061802455357142856,0.0146484375,0.109375,1.2978515625,0.023983636653806158,0.0625
187,151.0,3513603,Cunha,SP,1407.25,0.06161810427295918,0.0,0.3251953125,12.0771484375,0.07361793623979568,0.0341796875
188,152.0,3513702,Descalvado,SP,753.706,0.0,0.0,0.0,0.0,0.0,0.0
189,153.0,3513801,Diadema,SP,30.732,0.0146484375,0.0087890625,0.0205078125,0.05859375,0.0041432037960149265,0.0146484375
190,239.0,3520806,InÃºbia Paulista,SP,87.119,0.0,0.0,0.0,0.0,0.0,0.0
191,154.0,3513850,Dirce Reis,SP,88.133,0.0,0.0,0.0,0.0,0.0,0.0
192,155.0,3513900,DivinolÃ¢ndia,SP,223.749,0.0,0.0,0.0,0.0,0.0,0.0
193,260.0,3522653,ItapirapuÃ£ Paulista,SP,406.478,0.017561848958333334,0.0,0.0625,1.0537109375,0.021129656086080854,0.00732421875
194,261.0,3522703,ItÃ¡polis,SP,996.747,0.0,0.0,0.0,0.0,0.0,0.0
195,262.0,3522802,Itaporanga,SP,507.997,0.0,0.0,0.0,0.0,0.0,0.0
196,156.0,3514007,Dobrada,SP,149.729,0.0,0.0,0.0,0.0,0.0,0.0
197,157.0,3514106,Dois CÃ³rregos,SP,632.972,0.0,0.0,0.0,0.0,0.0,0.0
198,285.0,3525102,JardinÃ³polis,SP,501.87,0.0,0.0,0.0,0.0,0.0,0.0
199,286.0,3525201,Jarinu,SP,207.549,0.0,0.0,0.0,0.0,0.0,0.0
200,287.0,3525300,JaÃº,SP,687.103,0.0,0.0,0.0,0.0,0.0,0.0
201,288.0,3525409,Jeriquara,SP,141.971,0.0,0.0,0.0,0.0,0.0,0.0
202,289.0,3525508,JoanÃ³polis,SP,374.293,0.0,0.0,0.0,0.0,0.0,0.0
203,290.0,3525607,JoÃ£o Ramalho,SP,415.452,0.0,0.0,0.0,0.0,0.0,0.0
204,291.0,3525706,JosÃ© BonifÃ¡cio,SP,860.2,0.0,0.0,0.0,0.0,0.0,0.0
205,292.0,3525805,JÃºlio Mesquita,SP,128.183,0.0,0.0,0.0,0.0,0.0,0.0
206,158.0,3514205,DolcinÃ³polis,SP,77.939,0.0,0.0,0.0,0.0,0.0,0.0
207,159.0,3514304,Dourado,SP,205.874,0.0,0.0,0.0,0.0,0.0,0.0
208,160.0,3514403,Dracena,SP,487.688,0.0,0.0,0.0,0.0,0.0,0.0
209,161.0,3514502,Duartina,SP,264.557,0.0,0.0,0.0,0.0,0.0,0.0
210,162.0,3514601,Dumont,SP,111.376,0.0,0.0,0.0,0.0,0.0,0.0
211,163.0,3514700,EchaporÃ£,SP,515.258,0.0,0.0,0.0,0.0,0.0,0.0
212,164.0,3514809,Eldorado,SP,1654.256,0.0017876059322033898,0.0,0.0478515625,0.421875,0.006635322724986716,0.0
213,165.0,3514908,Elias Fausto,SP,202.36,0.0,0.0,0.0,0.0,0.0,0.0
214,309.0,3527306,Louveira,SP,55.738,0.0,0.0,0.0,0.0,0.0,0.0
215,310.0,3527405,LucÃ©lia,SP,314.81,0.0,0.0,0.0,0.0,0.0,0.0
216,311.0,3527504,LucianÃ³polis,SP,189.536,0.0,0.0,0.0,0.0,0.0,0.0
217,312.0,3527603,LuÃ­s AntÃ´nio,SP,598.257,0.0,0.0,0.0,0.0,0.0,0.0
218,313.0,3527702,LuiziÃ¢nia,SP,166.576,0.0,0.0,0.0,0.0,0.0,0.0
219,314.0,3527801,LupÃ©rcio,SP,155.171,0.0,0.0,0.0,0.0,0.0,0.0
220,315.0,3527900,LutÃ©cia,SP,475.226,0.0,0.0,0.0,0.0,0.0,0.0
221,316.0,3528007,Macatuba,SP,224.514,0.0,0.0,0.0,0.0,0.0,0.0
222,317.0,3528106,Macaubal,SP,248.087,0.0,0.0,0.0,0.0,0.0,0.0
223,318.0,3528205,MacedÃ´nia,SP,327.567,0.0,0.0,0.0,0.0,0.0,0.0
224,319.0,3528304,Magda,SP,312.282,0.0,0.0,0.0,0.0,0.0,0.0
225,320.0,3528403,Mairinque,SP,210.149,0.0,0.0,0.0,0.0,0.0,0.0
226,321.0,3528502,MairiporÃ£,SP,320.697,0.0,0.0,0.0,0.0,0.0,0.0
227,322.0,3528601,Manduri,SP,229.046,0.0,0.0,0.0,0.0,0.0,0.0
228,323.0,3528700,MarabÃ¡ Paulista,SP,919.519,0.0,0.0,0.0,0.0,0.0,0.0
229,324.0,3528809,MaracaÃ­,SP,533.498,0.0,0.0,0.0,0.0,0.0,0.0
230,166.0,3514924,ElisiÃ¡rio,SP,93.98,0.0,0.0,0.0,0.0,0.0,0.0
231,167.0,3514957,EmbaÃºba,SP,83.129,0.0,0.0,0.0,0.0,0.0,0.0
232,168.0,3515004,Embu das Artes,SP,70.398,0.0,0.0,0.0,0.0,0.0,0.0
233,169.0,3515103,Embu-GuaÃ§u,SP,155.641,0.0,0.0,0.0,0.0,0.0,0.0
234,170.0,3515129,EmilianÃ³polis,SP,225.167,0.0,0.0,0.0,0.0,0.0,0.0
235,349.0,3531100,MongaguÃ¡,SP,142.755,0.0,0.0,0.0,0.0,0.0,0.0
236,350.0,3531209,Monte Alegre do Sul,SP,110.308,0.0,0.0,0.0,0.0,0.0,0.0
237,351.0,3531308,Monte Alto,SP,346.95,0.0,0.0,0.0,0.0,0.0,0.0
238,352.0,3531407,Monte AprazÃ­vel,SP,495.559,0.0,0.0,0.0,0.0,0.0,0.0
239,353.0,3531506,Monte Azul Paulista,SP,263.462,0.0,0.0,0.0,0.0,0.0,0.0
240,354.0,3531605,Monte Castelo,SP,233.547,0.0,0.0,0.0,0.0,0.0,0.0
241,355.0,3531704,Monteiro Lobato,SP,332.742,0.0,0.0,0.0,0.0,0.0,0.0
242,356.0,3531803,Monte Mor,SP,240.566,0.0,0.0,0.0,0.0,0.0,0.0
243,357.0,3531902,Morro Agudo,SP,1388.127,0.0,0.0,0.0,0.0,0.0,0.0
244,358.0,3532009,Morungaba,SP,146.752,0.0,0.0,0.0,0.0,0.0,0.0
245,359.0,3532058,Motuca,SP,228.7,0.0,0.0,0.0,0.0,0.0,0.0
246,360.0,3532108,Murutinga do Sul,SP,250.873,0.0,0.0,0.0,0.0,0.0,0.0
247,171.0,3515152,Engenheiro Coelho,SP,109.941,0.0,0.0,0.0,0.0,0.0,0.0
248,172.0,3515186,EspÃ­rito Santo do Pinhal,SP,389.235,0.0,0.0,0.0,0.0,0.0,0.0
249,361.0,3532157,Nantes,SP,286.647,0.0,0.0,0.0,0.0,0.0,0.0
250,362.0,3532207,Narandiba,SP,357.325,0.0,0.0,0.0,0.0,0.0,0.0
251,363.0,3532306,Natividade da Serra,SP,833.372,0.13402704831932774,0.0,0.2861328125,15.94921875,0.08367501207098176,0.1484375
252,364.0,3532405,NazarÃ© Paulista,SP,326.254,0.0,0.0,0.0,0.0,0.0,0.0
253,365.0,3532504,Neves Paulista,SP,219.05,0.0,0.0,0.0,0.0,0.0,0.0
254,366.0,3532603,Nhandeara,SP,436.159,0.0,0.0,0.0,0.0,0.0,0.0
255,367.0,3532702,NipoÃ£,SP,137.609,0.0,0.0,0.0,0.0,0.0,0.0
256,368.0,3532801,Nova AlianÃ§a,SP,217.515,0.0,0.0,0.0,0.0,0.0,0.0
257,369.0,3532827,Nova Campina,SP,385.375,0.0,0.0,0.0,0.0,0.0,0.0
258,173.0,3515194,EspÃ­rito Santo do Turvo,SP,193.666,0.0,0.0,0.0,0.0,0.0,0.0
259,174.0,3515202,Estrela d'Oeste,SP,296.281,0.0,0.0,0.0,0.0,0.0,0.0
260,176.0,3515350,Euclides da Cunha Paulista,SP,573.894,0.0,0.0,0.0,0.0,0.0,0.0
261,177.0,3515400,Fartura,SP,429.171,0.0,0.0,0.0,0.0,0.0,0.0
262,178.0,3515509,FernandÃ³polis,SP,549.797,0.0,0.0,0.0,0.0,0.0,0.0
263,179.0,3515608,Fernando Prestes,SP,169.99,0.0,0.0,0.0,0.0,0.0,0.0
264,180.0,3515657,FernÃ£o,SP,100.504,0.0,0.0,0.0,0.0,0.0,0.0
265,185.0,3516101,FlorÃ­nea,SP,225.886,0.0,0.0,0.0,0.0,0.0,0.0
266,186.0,3516200,Franca,SP,605.679,0.0,0.0,0.0,0.0,0.0,0.0
267,187.0,3516309,Francisco Morato,SP,49.001,0.0,0.0,0.0,0.0,0.0,0.0
268,188.0,3516408,Franco da Rocha,SP,132.775,0.0,0.0,0.0,0.0,0.0,0.0
269,189.0,3516507,Gabriel Monteiro,SP,138.681,0.0,0.0,0.0,0.0,0.0,0.0
270,205.0,3518008,Guarani d'Oeste,SP,85.7,0.0,0.0,0.0,0.0,0.0,0.0
271,206.0,3518107,GuarantÃ£,SP,461.746,0.0,0.0,0.0,0.0,0.0,0.0
272,207.0,3518206,Guararapes,SP,955.637,0.0,0.0,0.0,0.0,0.0,0.0
273,208.0,3518305,Guararema,SP,270.816,0.0,0.0,0.0,0.0,0.0,0.0
274,209.0,3518404,GuaratinguetÃ¡,SP,752.636,0.0,0.0,0.0,0.0,0.0,0.0
275,210.0,3518503,GuareÃ­,SP,567.884,0.0,0.0,0.0,0.0,0.0,0.0
276,211.0,3518602,Guariba,SP,270.289,0.0,0.0,0.0,0.0,0.0,0.0
277,212.0,3518701,GuarujÃ¡,SP,144.794,0.003564453125,0.0,0.0146484375,0.0712890625,0.003909605492399606,0.0029296875
278,217.0,3519055,Holambra,SP,65.577,0.0,0.0,0.0,0.0,0.0,0.0
279,218.0,3519071,HortolÃ¢ndia,SP,62.416,0.0,0.0,0.0,0.0,0.0,0.0
280,219.0,3519105,Iacanga,SP,547.393,0.0,0.0,0.0,0.0,0.0,0.0
281,220.0,3519204,Iacri,SP,321.948,0.0,0.0,0.0,0.0,0.0,0.0
282,221.0,3519253,Iaras,SP,401.381,0.0,0.0,0.0,0.0,0.0,0.0
283,222.0,3519303,IbatÃ©,SP,290.978,0.0,0.0,0.0,0.0,0.0,0.0
284,223.0,3519402,IbirÃ¡,SP,271.912,0.0,0.0,0.0,0.0,0.0,0.0
285,224.0,3519501,Ibirarema,SP,228.23,0.0,0.0,0.0,0.0,0.0,0.0
286,225.0,3519600,Ibitinga,SP,689.391,0.0,0.0,0.0,0.0,0.0,0.0
287,238.0,3520707,IndiaporÃ£,SP,279.606,0.0,0.0,0.0,0.0,0.0,0.0
288,240.0,3520905,Ipaussu,SP,209.554,0.0,0.0,0.0,0.0,0.0,0.0
289,241.0,3521002,IperÃ³,SP,170.289,0.0,0.0,0.0,0.0,0.0,0.0
290,242.0,3521101,IpeÃºna,SP,190.01,0.0,0.0,0.0,0.0,0.0,0.0
291,243.0,3521150,IpiguÃ¡,SP,136.028,0.0,0.0,0.0,0.0,0.0,0.0
292,244.0,3521200,Iporanga,SP,1152.059,0.0,0.0,0.0,0.0,0.0,0.0
293,245.0,3521309,IpuÃ£,SP,466.461,0.0,0.0,0.0,0.0,0.0,0.0
294,246.0,3521408,IracemÃ¡polis,SP,115.118,0.0,0.0,0.0,0.0,0.0,0.0
295,247.0,3521507,IrapuÃ£,SP,257.612,0.0,0.0,0.0,0.0,0.0,0.0
296,248.0,3521606,Irapuru,SP,214.461,0.0,0.0,0.0,0.0,0.0,0.0
297,249.0,3521705,ItaberÃ¡,SP,1100.247,0.0,0.0,0.0,0.0,0.0,0.0
298,250.0,3521804,ItaÃ­,SP,1092.884,0.0,0.0,0.0,0.0,0.0,0.0
299,251.0,3521903,Itajobi,SP,502.066,0.0,0.0,0.0,0.0,0.0,0.0
300,252.0,3522000,Itaju,SP,230.355,0.0,0.0,0.0,0.0,0.0,0.0
301,253.0,3522109,ItanhaÃ©m,SP,601.711,0.02565487132352941,0.0,0.0615234375,2.1806640625,0.023768056252312344,0.0205078125
302,254.0,3522158,Itaoca,SP,183.015,0.0,0.0,0.0,0.0,0.0,0.0
303,255.0,3522208,Itapecerica da Serra,SP,150.742,0.0,0.0,0.0,0.0,0.0,0.0
304,256.0,3522307,Itapetininga,SP,1789.35,0.0,0.0,0.0,0.0,0.0,0.0
305,257.0,3522406,Itapeva,SP,1826.258,0.0,0.0,0.0,0.0,0.0,0.0
306,258.0,3522505,Itapevi,SP,82.658,0.0,0.0,0.0,0.0,0.0,0.0
307,259.0,3522604,Itapira,SP,518.416,0.0,0.0,0.0,0.0,0.0,0.0
308,263.0,3522901,ItapuÃ­,SP,140.023,0.0,0.0,0.0,0.0,0.0,0.0
309,264.0,3523008,Itapura,SP,301.653,0.0,0.0,0.0,0.0,0.0,0.0
310,265.0,3523107,Itaquaquecetuba,SP,82.622,0.0,0.0,0.0,0.0,0.0,0.0
311,266.0,3523206,ItararÃ©,SP,1003.86,0.0,0.0,0.0,0.0,0.0,0.0
312,267.0,3523305,Itariri,SP,273.667,0.001001602564102564,0.0,0.0205078125,0.0390625,0.00347200150951418,0.0
313,268.0,3523404,Itatiba,SP,322.269,0.0,0.0,0.0,0.0,0.0,0.0
314,269.0,3523503,Itatinga,SP,979.817,0.0,0.0,0.0,0.0,0.0,0.0
315,270.0,3523602,Itirapina,SP,564.603,0.0,0.0,0.0,0.0,0.0,0.0
316,374.0,3533106,Nova Guataporanga,SP,34.158,0.0,0.0,0.0,0.0,0.0,0.0
317,375.0,3533205,Nova IndependÃªncia,SP,265.029,0.0,0.0,0.0,0.0,0.0,0.0
318,376.0,3533254,Novais,SP,117.772,0.0,0.0,0.0,0.0,0.0,0.0
319,271.0,3523701,ItirapuÃ£,SP,161.118,0.0,0.0,0.0,0.0,0.0,0.0
320,272.0,3523800,Itobi,SP,138.986,0.0,0.0,0.0,0.0,0.0,0.0
321,273.0,3523909,Itu,SP,640.719,0.0,0.0,0.0,0.0,0.0,0.0
322,274.0,3524006,Itupeva,SP,200.876,0.0,0.0,0.0,0.0,0.0,0.0
323,275.0,3524105,Ituverava,SP,704.659,0.0,0.0,0.0,0.0,0.0,0.0
324,276.0,3524204,Jaborandi,SP,273.438,0.0,0.0,0.0,0.0,0.0,0.0
325,277.0,3524303,Jaboticabal,SP,706.602,0.0,0.0,0.0,0.0,0.0,0.0
326,278.0,3524402,JacareÃ­,SP,464.272,0.0,0.0,0.0,0.0,0.0,0.0
327,279.0,3524501,Jaci,SP,145.133,0.0,0.0,0.0,0.0,0.0,0.0
328,280.0,3524600,Jacupiranga,SP,704.189,0.00390625,0.0,0.0390625,0.3984375,0.009541899599775545,0.0
329,281.0,3524709,JaguariÃºna,SP,141.391,0.0,0.0,0.0,0.0,0.0,0.0
330,282.0,3524808,Jales,SP,368.574,0.0,0.0,0.0,0.0,0.0,0.0
331,283.0,3524907,Jambeiro,SP,184.413,0.0,0.0,0.0,0.0,0.0,0.0
332,284.0,3525003,Jandira,SP,17.449,0.0,0.0,0.0,0.0,0.0,0.0
333,293.0,3525854,Jumirim,SP,56.685,0.0,0.0,0.0,0.0,0.0,0.0
334,294.0,3525904,JundiaÃ­,SP,431.204,0.0,0.0,0.0,0.0,0.0,0.0
335,295.0,3526001,JunqueirÃ³polis,SP,582.565,0.0,0.0,0.0,0.0,0.0,0.0
336,296.0,3526100,JuquiÃ¡,SP,812.799,0.020240718482905984,0.0,0.1171875,2.3681640625,0.03173468527552096,0.0009765625
337,297.0,3526209,Juquitiba,SP,522.169,0.005396792763157895,0.0,0.0478515625,0.41015625,0.01051846512615392,0.0
338,298.0,3526308,Lagoinha,SP,255.472,0.003777754934210526,0.0,0.0439453125,0.1435546875,0.010087149114374657,0.0
339,299.0,3526407,Laranjal Paulista,SP,384.274,0.0,0.0,0.0,0.0,0.0,0.0
340,300.0,3526506,LavÃ­nia,SP,537.675,0.0,0.0,0.0,0.0,0.0,0.0
341,301.0,3526605,Lavrinhas,SP,167.067,0.0,0.0,0.0,0.0,0.0,0.0
342,302.0,3526704,Leme,SP,402.871,0.0,0.0,0.0,0.0,0.0,0.0
343,303.0,3526803,LenÃ§Ã³is Paulista,SP,809.541,0.0,0.0,0.0,0.0,0.0,0.0
344,304.0,3526902,Limeira,SP,580.711,0.0,0.0,0.0,0.0,0.0,0.0
345,402.0,3535705,ParaÃ­so,SP,155.186,0.0,0.0,0.0,0.0,0.0,0.0
346,403.0,3535804,Paranapanema,SP,1018.724,0.0,0.0,0.0,0.0,0.0,0.0
347,404.0,3535903,ParanapuÃ£,SP,140.354,0.0,0.0,0.0,0.0,0.0,0.0
348,405.0,3536000,ParapuÃ£,SP,366.664,0.0,0.0,0.0,0.0,0.0,0.0
349,406.0,3536109,Pardinho,SP,209.894,0.0,0.0,0.0,0.0,0.0,0.0
350,407.0,3536208,Pariquera-AÃ§u,SP,359.414,0.018995098039215685,0.0,0.076171875,0.96875,0.024427702780762246,0.0048828125
351,305.0,3527009,LindÃ³ia,SP,48.756,0.0,0.0,0.0,0.0,0.0,0.0
352,306.0,3527108,Lins,SP,570.058,0.0,0.0,0.0,0.0,0.0,0.0
353,307.0,3527207,Lorena,SP,414.16,0.0,0.0,0.0,0.0,0.0,0.0
354,308.0,3527256,Lourdes,SP,113.94,0.0,0.0,0.0,0.0,0.0,0.0
355,325.0,3528858,Marapoama,SP,111.267,0.0,0.0,0.0,0.0,0.0,0.0
356,326.0,3528908,MariÃ¡polis,SP,186.544,0.0,0.0,0.0,0.0,0.0,0.0
357,327.0,3529005,MarÃ­lia,SP,1170.515,0.0,0.0,0.0,0.0,0.0,0.0
358,437.0,3539004,Pirangi,SP,215.809,0.0,0.0,0.0,0.0,0.0,0.0
359,438.0,3539103,Pirapora do Bom Jesus,SP,108.489,0.0,0.0,0.0,0.0,0.0,0.0
360,439.0,3539202,Pirapozinho,SP,477.673,0.0,0.0,0.0,0.0,0.0,0.0
361,440.0,3539301,Pirassununga,SP,727.118,0.0,0.0,0.0,0.0,0.0,0.0
362,328.0,3529104,MarinÃ³polis,SP,77.827,0.0,0.0,0.0,0.0,0.0,0.0
363,329.0,3529203,MartinÃ³polis,SP,1253.564,0.0,0.0,0.0,0.0,0.0,0.0
364,330.0,3529302,MatÃ£o,SP,524.899,0.0,0.0,0.0,0.0,0.0,0.0
365,331.0,3529401,MauÃ¡,SP,61.937,0.010184151785714286,0.0,0.0234375,0.0712890625,0.007896747599377738,0.0078125
366,332.0,3529500,MendonÃ§a,SP,195.151,0.0,0.0,0.0,0.0,0.0,0.0
367,333.0,3529609,Meridiano,SP,228.199,0.0,0.0,0.0,0.0,0.0,0.0
368,334.0,3529658,MesÃ³polis,SP,148.636,0.0,0.0,0.0,0.0,0.0,0.0
369,335.0,3529708,MiguelÃ³polis,SP,820.849,0.0,0.0,0.0,0.0,0.0,0.0
370,441.0,3539400,Piratininga,SP,402.409,0.0,0.0,0.0,0.0,0.0,0.0
371,442.0,3539509,Pitangueiras,SP,430.638,0.0,0.0,0.0,0.0,0.0,0.0
372,443.0,3539608,Planalto,SP,289.825,0.0,0.0,0.0,0.0,0.0,0.0
373,444.0,3539707,Platina,SP,327.48,0.0,0.0,0.0,0.0,0.0,0.0
374,445.0,3539806,PoÃ¡,SP,17.264,0.0,0.0,0.0,0.0,0.0,0.0
375,336.0,3529807,Mineiros do TietÃª,SP,213.242,0.0,0.0,0.0,0.0,0.0,0.0
376,337.0,3529906,Miracatu,SP,1001.484,0.018608940972222224,0.0,0.1171875,2.6796875,0.027403696809449027,0.0029296875
377,473.0,3542107,Rafard,SP,121.645,0.0,0.0,0.0,0.0,0.0,0.0
378,474.0,3542206,Rancharia,SP,1587.498,0.0,0.0,0.0,0.0,0.0,0.0
379,338.0,3530003,Mira Estrela,SP,216.825,0.0,0.0,0.0,0.0,0.0,0.0
380,339.0,3530102,MirandÃ³polis,SP,917.694,0.0,0.0,0.0,0.0,0.0,0.0
381,340.0,3530201,Mirante do Paranapanema,SP,1238.931,0.0,0.0,0.0,0.0,0.0,0.0
382,341.0,3530300,Mirassol,SP,243.228,0.0,0.0,0.0,0.0,0.0,0.0
383,342.0,3530409,MirassolÃ¢ndia,SP,166.125,0.0,0.0,0.0,0.0,0.0,0.0
384,343.0,3530508,Mococa,SP,855.156,0.0,0.0,0.0,0.0,0.0,0.0
385,344.0,3530607,Mogi das Cruzes,SP,712.541,0.011259765625,0.0,0.103515625,1.1259765625,0.02379105683283928,0.0
386,345.0,3530706,Mogi GuaÃ§u,SP,812.753,0.0,0.0,0.0,0.0,0.0,0.0
387,346.0,3530805,Mogi Mirim,SP,497.708,0.0,0.0,0.0,0.0,0.0,0.0
388,347.0,3530904,Mombuca,SP,133.698,0.0,0.0,0.0,0.0,0.0,0.0
389,348.0,3531001,MonÃ§Ãµes,SP,104.352,0.0,0.0,0.0,0.0,0.0,0.0
390,370.0,3532843,Nova CanaÃ£ Paulista,SP,124.473,0.0,0.0,0.0,0.0,0.0,0.0
391,475.0,3542305,RedenÃ§Ã£o da Serra,SP,309.441,0.0003551136363636364,0.0,0.0087890625,0.015625,0.0014287532794239242,0.0
392,476.0,3542404,Regente FeijÃ³,SP,263.28,0.0,0.0,0.0,0.0,0.0,0.0
393,477.0,3542503,ReginÃ³polis,SP,410.406,0.0,0.0,0.0,0.0,0.0,0.0
394,478.0,3542602,Registro,SP,722.201,0.06252872242647059,0.0068359375,0.1171875,6.3779296875,0.028015420533633994,0.0615234375
395,479.0,3542701,Restinga,SP,245.746,0.0,0.0,0.0,0.0,0.0,0.0
396,480.0,3542800,Ribeira,SP,335.759,0.0007642663043478261,0.0,0.0146484375,0.03515625,0.00251801545570359,0.0
397,481.0,3542909,RibeirÃ£o Bonito,SP,471.553,0.0,0.0,0.0,0.0,0.0,0.0
398,482.0,3543006,RibeirÃ£o Branco,SP,697.5,0.0,0.0,0.0,0.0,0.0,0.0
399,483.0,3543105,RibeirÃ£o Corrente,SP,148.332,0.0,0.0,0.0,0.0,0.0,0.0
400,371.0,3532868,Nova Castilho,SP,183.396,0.0,0.0,0.0,0.0,0.0,0.0
401,372.0,3532900,Nova Europa,SP,160.25,0.0,0.0,0.0,0.0,0.0,0.0
402,373.0,3533007,Nova Granada,SP,531.796,0.0,0.0,0.0,0.0,0.0,0.0
403,496.0,3544202,RiolÃ¢ndia,SP,631.897,0.0,0.0,0.0,0.0,0.0,0.0
404,377.0,3533304,Nova LuzitÃ¢nia,SP,73.816,0.0,0.0,0.0,0.0,0.0,0.0
405,378.0,3533403,Nova Odessa,SP,73.788,0.0,0.0,0.0,0.0,0.0,0.0
406,379.0,3533502,Novo Horizonte,SP,931.743,0.0,0.0,0.0,0.0,0.0,0.0
407,380.0,3533601,Nuporanga,SP,348.265,0.0,0.0,0.0,0.0,0.0,0.0
408,381.0,3533700,OcauÃ§u,SP,301.036,0.0,0.0,0.0,0.0,0.0,0.0
409,382.0,3533809,Ãleo,SP,198.938,0.0,0.0,0.0,0.0,0.0,0.0
410,383.0,3533908,OlÃ­mpia,SP,802.555,0.0,0.0,0.0,0.0,0.0,0.0
411,384.0,3534005,Onda Verde,SP,242.946,0.0,0.0,0.0,0.0,0.0,0.0
412,385.0,3534104,Oriente,SP,218.668,0.0,0.0,0.0,0.0,0.0,0.0
413,386.0,3534203,OrindiÃºva,SP,247.378,0.0,0.0,0.0,0.0,0.0,0.0
414,547.0,3548906,SÃ£o Carlos,SP,1136.907,0.0,0.0,0.0,0.0,0.0,0.0
415,387.0,3534302,OrlÃ¢ndia,SP,291.765,0.0,0.0,0.0,0.0,0.0,0.0
416,388.0,3534401,Osasco,SP,64.954,0.0,0.0,0.0,0.0,0.0,0.0
417,389.0,3534500,Oscar Bressane,SP,222.13,0.0,0.0,0.0,0.0,0.0,0.0
418,390.0,3534609,Osvaldo Cruz,SP,248.038,0.0,0.0,0.0,0.0,0.0,0.0
419,391.0,3534708,Ourinhos,SP,295.818,0.0,0.0,0.0,0.0,0.0,0.0
420,392.0,3534757,Ouroeste,SP,288.648,0.0,0.0,0.0,0.0,0.0,0.0
421,393.0,3534807,Ouro Verde,SP,266.778,0.0,0.0,0.0,0.0,0.0,0.0
422,394.0,3534906,Pacaembu,SP,339.375,0.0,0.0,0.0,0.0,0.0,0.0
423,395.0,3535002,Palestina,SP,697.701,0.0,0.0,0.0,0.0,0.0,0.0
424,573.0,3551306,SebastianÃ³polis do Sul,SP,167.848,0.0,0.0,0.0,0.0,0.0,0.0
425,574.0,3551405,Serra Azul,SP,283.144,0.0,0.0,0.0,0.0,0.0,0.0
426,575.0,3551504,Serrana,SP,126.046,0.0,0.0,0.0,0.0,0.0,0.0
427,576.0,3551603,Serra Negra,SP,203.734,0.0,0.0,0.0,0.0,0.0,0.0
428,577.0,3551702,SertÃ£ozinho,SP,403.089,0.0,0.0,0.0,0.0,0.0,0.0
429,578.0,3551801,Sete Barras,SP,1062.699,0.0037686136744966444,0.0,0.0732421875,0.5615234375,0.011654134098743597,0.0
430,396.0,3535101,Palmares Paulista,SP,82.125,0.0,0.0,0.0,0.0,0.0,0.0
431,397.0,3535200,Palmeira d'Oeste,SP,318.74,0.0,0.0,0.0,0.0,0.0,0.0
432,398.0,3535309,Palmital,SP,548.407,0.0,0.0,0.0,0.0,0.0,0.0
433,399.0,3535408,Panorama,SP,356.05,0.0,0.0,0.0,0.0,0.0,0.0
434,400.0,3535507,ParaguaÃ§u Paulista,SP,1001.492,0.0,0.0,0.0,0.0,0.0,0.0
435,401.0,3535606,Paraibuna,SP,809.576,0.056248256138392856,0.0,0.2119140625,6.2998046875,0.06057548161075451,0.0390625
436,408.0,3536257,Parisi,SP,84.737,0.0,0.0,0.0,0.0,0.0,0.0
437,409.0,3536307,PatrocÃ­nio Paulista,SP,602.848,0.0,0.0,0.0,0.0,0.0,0.0
438,410.0,3536406,PaulicÃ©ia,SP,374.091,0.0,0.0,0.0,0.0,0.0,0.0
439,411.0,3536505,PaulÃ­nia,SP,138.777,0.0,0.0,0.0,0.0,0.0,0.0
440,412.0,3536570,PaulistÃ¢nia,SP,256.178,0.0,0.0,0.0,0.0,0.0,0.0
441,413.0,3536604,Paulo de Faria,SP,737.986,0.0,0.0,0.0,0.0,0.0,0.0
442,414.0,3536703,Pederneiras,SP,727.482,0.0,0.0,0.0,0.0,0.0,0.0
443,595.0,3553401,Tanabi,SP,747.218,0.0,0.0,0.0,0.0,0.0,0.0
444,596.0,3553500,TapiraÃ­,SP,755.1,0.09945126488095238,0.0,0.1796875,10.4423828125,0.05554328869529829,0.109375
445,597.0,3553609,Tapiratiba,SP,221.891,0.0,0.0,0.0,0.0,0.0,0.0
446,415.0,3536802,Pedra Bela,SP,158.587,0.0,0.0,0.0,0.0,0.0,0.0
447,416.0,3536901,PedranÃ³polis,SP,260.101,0.0,0.0,0.0,0.0,0.0,0.0
448,417.0,3537008,Pedregulho,SP,712.604,0.0,0.0,0.0,0.0,0.0,0.0
449,418.0,3537107,Pedreira,SP,108.817,0.0,0.0,0.0,0.0,0.0,0.0
450,419.0,3537156,Pedrinhas Paulista,SP,152.309,0.0,0.0,0.0,0.0,0.0,0.0
451,420.0,3537206,Pedro de Toledo,SP,670.44,0.009981496710526316,0.0,0.0576171875,0.9482421875,0.01655656085531863,0.0
452,421.0,3537305,PenÃ¡polis,SP,711.315,0.0,0.0,0.0,0.0,0.0,0.0
453,422.0,3537404,Pereira Barreto,SP,974.247,0.0,0.0,0.0,0.0,0.0,0.0
454,423.0,3537503,Pereiras,SP,223.136,0.0,0.0,0.0,0.0,0.0,0.0
455,424.0,3537602,PeruÃ­be,SP,326.216,0.01416015625,0.0,0.0615234375,0.6513671875,0.01971166461157704,0.0
456,425.0,3537701,Piacatu,SP,232.488,0.0,0.0,0.0,0.0,0.0,0.0
457,426.0,3537800,Piedade,SP,746.868,0.0458801839953271,0.0,0.1357421875,4.9091796875,0.04113453096925134,0.0390625
458,427.0,3537909,Pilar do Sul,SP,681.248,0.060808634020618556,0.0,0.125,5.8984375,0.025876015138271376,0.0625
459,428.0,3538006,Pindamonhangaba,SP,731.355,0.0,0.0,0.0,0.0,0.0,0.0
460,429.0,3538105,Pindorama,SP,184.825,0.0,0.0,0.0,0.0,0.0,0.0
461,430.0,3538204,Pinhalzinho,SP,154.529,0.0,0.0,0.0,0.0,0.0,0.0
462,431.0,3538303,Piquerobi,SP,482.769,0.0,0.0,0.0,0.0,0.0,0.0
463,432.0,3538501,Piquete,SP,175.996,0.0,0.0,0.0,0.0,0.0,0.0
464,433.0,3538600,Piracaia,SP,385.568,0.0,0.0,0.0,0.0,0.0,0.0
465,434.0,3538709,Piracicaba,SP,1378.069,0.0,0.0,0.0,0.0,0.0,0.0
466,435.0,3538808,Piraju,SP,504.591,0.0,0.0,0.0,0.0,0.0,0.0
467,436.0,3538907,PirajuÃ­,SP,823.758,0.0,0.0,0.0,0.0,0.0,0.0
468,446.0,3539905,Poloni,SP,135.12,0.0,0.0,0.0,0.0,0.0,0.0
469,447.0,3540002,PompÃ©ia,SP,784.674,0.0,0.0,0.0,0.0,0.0,0.0
470,448.0,3540101,PongaÃ­,SP,183.399,0.0,0.0,0.0,0.0,0.0,0.0
471,449.0,3540200,Pontal,SP,356.371,0.0,0.0,0.0,0.0,0.0,0.0
472,450.0,3540259,Pontalinda,SP,209.525,0.0,0.0,0.0,0.0,0.0,0.0
473,451.0,3540309,Pontes Gestal,SP,217.505,0.0,0.0,0.0,0.0,0.0,0.0
474,452.0,3540408,Populina,SP,315.938,0.0,0.0,0.0,0.0,0.0,0.0
475,453.0,3540507,Porangaba,SP,265.689,0.0,0.0,0.0,0.0,0.0,0.0
476,454.0,3540606,Porto Feliz,SP,556.706,0.0,0.0,0.0,0.0,0.0,0.0
477,455.0,3540705,Porto Ferreira,SP,244.906,0.0,0.0,0.0,0.0,0.0,0.0
478,456.0,3540754,Potim,SP,44.643,0.0,0.0,0.0,0.0,0.0,0.0
479,457.0,3540804,Potirendaba,SP,342.492,0.0,0.0,0.0,0.0,0.0,0.0
480,458.0,3540853,Pracinha,SP,63.054,0.0,0.0,0.0,0.0,0.0,0.0
481,620.0,3555307,Turmalina,SP,147.797,0.0,0.0,0.0,0.0,0.0,0.0
482,621.0,3555356,Ubarana,SP,209.861,0.0,0.0,0.0,0.0,0.0,0.0
483,622.0,3555406,Ubatuba,SP,708.105,0.2579167930825243,0.0,0.4150390625,26.5654296875,0.10473340583328705,0.2724609375
484,623.0,3555505,Ubirajara,SP,282.179,0.0,0.0,0.0,0.0,0.0,0.0
485,624.0,3555604,Uchoa,SP,252.434,0.0,0.0,0.0,0.0,0.0,0.0
486,459.0,3540903,PradÃ³polis,SP,167.378,0.0,0.0,0.0,0.0,0.0,0.0
487,460.0,3541000,Praia Grande,SP,149.652,0.0,0.0,0.0,0.0,0.0,0.0
488,461.0,3541059,PratÃ¢nia,SP,175.1,0.0,0.0,0.0,0.0,0.0,0.0
489,462.0,3541109,Presidente Alves,SP,286.642,0.0,0.0,0.0,0.0,0.0,0.0
490,463.0,3541208,Presidente Bernardes,SP,749.233,0.0,0.0,0.0,0.0,0.0,0.0
491,464.0,3541307,Presidente EpitÃ¡cio,SP,1260.281,0.0,0.0,0.0,0.0,0.0,0.0
492,465.0,3541406,Presidente Prudente,SP,560.637,0.0,0.0,0.0,0.0,0.0,0.0
493,466.0,3541505,Presidente Venceslau,SP,755.203,0.0,0.0,0.0,0.0,0.0,0.0
494,467.0,3541604,PromissÃ£o,SP,779.2,0.0,0.0,0.0,0.0,0.0,0.0
495,468.0,3541653,Quadra,SP,205.672,0.0,0.0,0.0,0.0,0.0,0.0
496,469.0,3541703,QuatÃ¡,SP,651.341,0.0,0.0,0.0,0.0,0.0,0.0
497,470.0,3541802,Queiroz,SP,234.914,0.0,0.0,0.0,0.0,0.0,0.0
498,471.0,3541901,Queluz,SP,249.399,0.0,0.0,0.0,0.0,0.0,0.0
499,472.0,3542008,Quintana,SP,318.937,0.0,0.0,0.0,0.0,0.0,0.0
500,484.0,3543204,RibeirÃ£o do Sul,SP,203.208,0.0,0.0,0.0,0.0,0.0,0.0
501,485.0,3543238,RibeirÃ£o dos Ãndios,SP,196.446,0.0,0.0,0.0,0.0,0.0,0.0
502,486.0,3543253,RibeirÃ£o Grande,SP,333.363,0.0,0.0,0.0,0.0,0.0,0.0
503,487.0,3543303,RibeirÃ£o Pires,SP,98.972,0.021549479166666666,0.0,0.0625,0.3232421875,0.02027385981550076,0.0146484375
504,488.0,3543402,RibeirÃ£o Preto,SP,650.916,0.0,0.0,0.0,0.0,0.0,0.0
505,489.0,3543501,Riversul,SP,385.878,0.0,0.0,0.0,0.0,0.0,0.0
506,490.0,3543600,Rifaina,SP,162.508,0.0,0.0,0.0,0.0,0.0,0.0
507,491.0,3543709,RincÃ£o,SP,316.639,0.0,0.0,0.0,0.0,0.0,0.0
508,492.0,3543808,RinÃ³polis,SP,358.481,0.0,0.0,0.0,0.0,0.0,0.0
509,493.0,3543907,Rio Claro,SP,498.422,0.0,0.0,0.0,0.0,0.0,0.0
510,494.0,3544004,Rio das Pedras,SP,226.657,0.0,0.0,0.0,0.0,0.0,0.0
511,495.0,3544103,Rio Grande da Serra,SP,36.341,0.024088541666666668,0.0048828125,0.046875,0.14453125,0.015009299327341803,0.02587890625
512,497.0,3544251,Rosana,SP,744.011,0.0,0.0,0.0,0.0,0.0,0.0
513,498.0,3544301,Roseira,SP,129.847,0.0,0.0,0.0,0.0,0.0,0.0
514,499.0,3544400,RubiÃ¡cea,SP,236.484,0.0,0.0,0.0,0.0,0.0,0.0
515,500.0,3544509,RubinÃ©ia,SP,242.877,0.0,0.0,0.0,0.0,0.0,0.0
516,501.0,3544608,Sabino,SP,305.285,0.0,0.0,0.0,0.0,0.0,0.0
517,502.0,3544707,Sagres,SP,147.935,0.0,0.0,0.0,0.0,0.0,0.0
518,503.0,3544806,Sales,SP,308.555,0.0,0.0,0.0,0.0,0.0,0.0
519,504.0,3544905,Sales Oliveira,SP,305.776,0.0,0.0,0.0,0.0,0.0,0.0
520,505.0,3545001,SalesÃ³polis,SP,424.997,0.02880031779661017,0.0,0.0625,1.69921875,0.023802505210972318,0.0244140625
521,506.0,3545100,SalmourÃ£o,SP,172.934,0.0,0.0,0.0,0.0,0.0,0.0
522,507.0,3545159,Saltinho,SP,99.738,0.0,0.0,0.0,0.0,0.0,0.0
523,508.0,3545209,Salto,SP,133.057,0.0,0.0,0.0,0.0,0.0,0.0
524,509.0,3545308,Salto de Pirapora,SP,280.412,0.0107421875,0.0,0.0546875,0.4404296875,0.01577611283659098,0.0
525,510.0,3545407,Salto Grande,SP,188.441,0.0,0.0,0.0,0.0,0.0,0.0
526,511.0,3545506,Sandovalina,SP,455.856,0.0,0.0,0.0,0.0,0.0,0.0
527,512.0,3545605,Santa AdÃ©lia,SP,330.269,0.0,0.0,0.0,0.0,0.0,0.0
528,513.0,3545704,Santa Albertina,SP,272.692,0.0,0.0,0.0,0.0,0.0,0.0
529,514.0,3545803,Santa BÃ¡rbara d'Oeste,SP,271.03,0.0,0.0,0.0,0.0,0.0,0.0
530,515.0,3546009,Santa Branca,SP,272.238,0.0008709881756756757,0.0,0.0146484375,0.0322265625,0.0028338398503947528,0.0
531,516.0,3546108,Santa Clara d'Oeste,SP,183.458,0.0,0.0,0.0,0.0,0.0,0.0
532,640.0,3556958,VitÃ³ria Brasil,SP,49.832,0.0,0.0,0.0,0.0,0.0,0.0
533,641.0,3557006,Votorantim,SP,184.186,0.0,0.0,0.0,0.0,0.0,0.0
534,642.0,3557105,Votuporanga,SP,420.703,0.0,0.0,0.0,0.0,0.0,0.0
535,643.0,3557154,Zacarias,SP,319.056,0.0,0.0,0.0,0.0,0.0,0.0
536,644.0,3557204,Chavantes,SP,188.727,0.0,0.0,0.0,0.0,0.0,0.0
537,517.0,3546207,Santa Cruz da ConceiÃ§Ã£o,SP,150.13,0.0,0.0,0.0,0.0,0.0,0.0
538,518.0,3546256,Santa Cruz da EsperanÃ§a,SP,148.062,0.0,0.0,0.0,0.0,0.0,0.0
539,519.0,3546306,Santa Cruz das Palmeiras,SP,295.337,0.0,0.0,0.0,0.0,0.0,0.0
540,520.0,3546405,Santa Cruz do Rio Pardo,SP,1114.747,0.0,0.0,0.0,0.0,0.0,0.0
541,521.0,3546504,Santa Ernestina,SP,134.421,0.0,0.0,0.0,0.0,0.0,0.0
542,522.0,3546603,Santa FÃ© do Sul,SP,206.537,0.0,0.0,0.0,0.0,0.0,0.0
543,523.0,3546702,Santa Gertrudes,SP,98.291,0.0,0.0,0.0,0.0,0.0,0.0
544,524.0,3546801,Santa Isabel,SP,363.332,0.0,0.0,0.0,0.0,0.0,0.0
545,525.0,3546900,Santa LÃºcia,SP,153.86,0.0,0.0,0.0,0.0,0.0,0.0
546,526.0,3547007,Santa Maria da Serra,SP,252.621,0.0,0.0,0.0,0.0,0.0,0.0
547,527.0,3547106,Santa Mercedes,SP,166.753,0.0,0.0,0.0,0.0,0.0,0.0
548,528.0,3547205,Santana da Ponte Pensa,SP,129.888,0.0,0.0,0.0,0.0,0.0,0.0
549,529.0,3547304,Santana de ParnaÃ­ba,SP,179.949,0.0,0.0,0.0,0.0,0.0,0.0
550,645.0,3557303,Estiva Gerbi,SP,74.144,0.0,0.0,0.0,0.0,0.0,0.0
551,530.0,3547403,Santa Rita d'Oeste,SP,209.8,0.0,0.0,0.0,0.0,0.0,0.0
552,531.0,3547502,Santa Rita do Passa Quatro,SP,754.141,0.0,0.0,0.0,0.0,0.0,0.0
553,532.0,3547601,Santa Rosa de Viterbo,SP,288.576,0.0,0.0,0.0,0.0,0.0,0.0
554,533.0,3547650,Santa Salete,SP,79.192,0.0,0.0,0.0,0.0,0.0,0.0
555,534.0,3547700,Santo AnastÃ¡cio,SP,552.876,0.0,0.0,0.0,0.0,0.0,0.0
556,535.0,3547809,Santo AndrÃ©,SP,175.782,0.036173502604166664,0.0,0.078125,0.8681640625,0.025292590386806278,0.03515625
557,536.0,3547908,Santo AntÃ´nio da Alegria,SP,310.311,0.0,0.0,0.0,0.0,0.0,0.0
558,537.0,3548005,Santo AntÃ´nio de Posse,SP,154.133,0.0,0.0,0.0,0.0,0.0,0.0
559,538.0,3548054,Santo AntÃ´nio do AracanguÃ¡,SP,1308.432,0.0,0.0,0.0,0.0,0.0,0.0
560,539.0,3548104,Santo AntÃ´nio do Jardim,SP,109.956,0.0,0.0,0.0,0.0,0.0,0.0
561,540.0,3548203,Santo AntÃ´nio do Pinhal,SP,133.008,0.0,0.0,0.0,0.0,0.0,0.0
562,541.0,3548302,Santo Expedito,SP,94.465,0.0,0.0,0.0,0.0,0.0,0.0
563,542.0,3548401,SantÃ³polis do AguapeÃ­,SP,128.026,0.0,0.0,0.0,0.0,0.0,0.0
564,543.0,3548500,Santos,SP,281.033,0.04544422238372093,0.0,0.109375,1.9541015625,0.027738620016872897,0.0439453125
565,544.0,3548609,SÃ£o Bento do SapucaÃ­,SP,252.579,0.0,0.0,0.0,0.0,0.0,0.0
566,545.0,3548708,SÃ£o Bernardo do Campo,SP,409.532,0.04663927801724138,0.0029296875,0.1103515625,2.705078125,0.02901903904639287,0.04150390625
567,546.0,3548807,SÃ£o Caetano do Sul,SP,15.331,0.0,0.0,0.0,0.0,0.0,0.0
568,548.0,3549003,SÃ£o Francisco,SP,75.579,0.0,0.0,0.0,0.0,0.0,0.0
569,549.0,3549102,SÃ£o JoÃ£o da Boa Vista,SP,516.399,0.0,0.0,0.0,0.0,0.0,0.0
570,550.0,3549201,SÃ£o JoÃ£o das Duas Pontes,SP,129.462,0.0,0.0,0.0,0.0,0.0,0.0
571,551.0,3549250,SÃ£o JoÃ£o de Iracema,SP,178.396,0.0,0.0,0.0,0.0,0.0,0.0
572,552.0,3549300,SÃ£o JoÃ£o do Pau d'Alho,SP,117.665,0.0,0.0,0.0,0.0,0.0,0.0
573,553.0,3549409,SÃ£o Joaquim da Barra,SP,410.863,0.0,0.0,0.0,0.0,0.0,0.0
574,554.0,3549508,SÃ£o JosÃ© da Bela Vista,SP,276.952,0.0,0.0,0.0,0.0,0.0,0.0
575,555.0,3549607,SÃ£o JosÃ© do Barreiro,SP,570.685,0.06402744391025642,0.0,0.251953125,4.994140625,0.08084407578871236,0.0
576,556.0,3549706,SÃ£o JosÃ© do Rio Pardo,SP,419.684,0.0,0.0,0.0,0.0,0.0,0.0
577,557.0,3549805,SÃ£o JosÃ© do Rio Preto,SP,431.944,0.0,0.0,0.0,0.0,0.0,0.0
578,558.0,3549904,SÃ£o JosÃ© dos Campos,SP,1099.409,0.0,0.0,0.0,0.0,0.0,0.0
579,559.0,3549953,SÃ£o LourenÃ§o da Serra,SP,186.456,0.0,0.0,0.0,0.0,0.0,0.0
580,560.0,3550001,SÃ£o Luiz do Paraitinga,SP,617.315,0.0842141544117647,0.0,0.3330078125,7.158203125,0.09776942512061945,0.0439453125
581,561.0,3550100,SÃ£o Manuel,SP,650.734,0.0,0.0,0.0,0.0,0.0,0.0
582,562.0,3550209,SÃ£o Miguel Arcanjo,SP,930.339,0.0038986797480620155,0.0,0.0556640625,0.5029296875,0.009902068950544267,0.0
583,563.0,3550308,SÃ£o Paulo,SP,1521.202,0.0002586329908675799,0.0,0.0087890625,0.056640625,0.0012806804658577562,0.0
584,564.0,3550407,SÃ£o Pedro,SP,611.278,0.0,0.0,0.0,0.0,0.0,0.0
585,565.0,3550506,SÃ£o Pedro do Turvo,SP,731.221,0.0,0.0,0.0,0.0,0.0,0.0
586,566.0,3550605,SÃ£o Roque,SP,306.908,0.0,0.0,0.0,0.0,0.0,0.0
587,567.0,3550704,SÃ£o SebastiÃ£o,SP,402.395,0.0439453125,0.0,0.1103515625,2.5048828125,0.03721068019603682,0.0625
588,568.0,3550803,SÃ£o SebastiÃ£o da Grama,SP,252.41,0.0,0.0,0.0,0.0,0.0,0.0
589,569.0,3550902,SÃ£o SimÃ£o,SP,617.252,0.0,0.0,0.0,0.0,0.0,0.0
590,570.0,3551009,SÃ£o Vicente,SP,148.151,0.006184895833333333,0.0,0.0380859375,0.1298828125,0.010724558270442011,0.0
591,571.0,3551108,SarapuÃ­,SP,352.592,0.01133578431372549,0.0,0.0546875,0.578125,0.015114098758385638,0.0029296875
592,572.0,3551207,SarutaiÃ¡,SP,141.608,0.0,0.0,0.0,0.0,0.0,0.0
593,579.0,3551900,SeverÃ­nia,SP,140.46,0.0,0.0,0.0,0.0,0.0,0.0
594,580.0,3552007,Silveiras,SP,414.782,0.004985608552631579,0.0,0.048828125,0.2841796875,0.011293695390481754,0.0
595,581.0,3552106,Socorro,SP,449.029,0.0,0.0,0.0,0.0,0.0,0.0
596,582.0,3552205,Sorocaba,SP,449.872,0.0,0.0,0.0,0.0,0.0,0.0
597,583.0,3552304,Sud Mennucci,SP,594.744,0.0,0.0,0.0,0.0,0.0,0.0
598,584.0,3552403,SumarÃ©,SP,153.465,0.0,0.0,0.0,0.0,0.0,0.0
599,585.0,3552502,Suzano,SP,206.236,0.0051185344827586205,0.0,0.041015625,0.1484375,0.01061641190476187,0.0
600,586.0,3552551,SuzanÃ¡polis,SP,330.587,0.0,0.0,0.0,0.0,0.0,0.0
601,587.0,3552601,TabapuÃ£,SP,345.792,0.0,0.0,0.0,0.0,0.0,0.0
602,588.0,3552700,Tabatinga,SP,368.604,0.0,0.0,0.0,0.0,0.0,0.0
603,589.0,3552809,TaboÃ£o da Serra,SP,20.388,0.0,0.0,0.0,0.0,0.0,0.0
604,590.0,3552908,Taciba,SP,607.267,0.0,0.0,0.0,0.0,0.0,0.0
605,591.0,3553005,TaguaÃ­,SP,145.332,0.0,0.0,0.0,0.0,0.0,0.0
606,592.0,3553104,TaiaÃ§u,SP,107.059,0.0,0.0,0.0,0.0,0.0,0.0
607,593.0,3553203,TaiÃºva,SP,132.459,0.0,0.0,0.0,0.0,0.0,0.0
608,594.0,3553302,TambaÃº,SP,561.788,0.0,0.0,0.0,0.0,0.0,0.0
609,598.0,3553658,Taquaral,SP,53.892,0.0,0.0,0.0,0.0,0.0,0.0
610,599.0,3553708,Taquaritinga,SP,594.335,0.0,0.0,0.0,0.0,0.0,0.0
611,600.0,3553807,Taquarituba,SP,448.515,0.0,0.0,0.0,0.0,0.0,0.0
612,601.0,3553856,TaquarivaÃ­,SP,231.792,0.0,0.0,0.0,0.0,0.0,0.0
613,602.0,3553906,Tarabai,SP,201.385,0.0,0.0,0.0,0.0,0.0,0.0
614,603.0,3553955,TarumÃ£,SP,302.913,0.0,0.0,0.0,0.0,0.0,0.0
615,604.0,3554003,TatuÃ­,SP,523.749,0.0,0.0,0.0,0.0,0.0,0.0
616,605.0,3554102,TaubatÃ©,SP,625.003,0.0,0.0,0.0,0.0,0.0,0.0
617,606.0,3554201,TejupÃ¡,SP,296.189,0.0,0.0,0.0,0.0,0.0,0.0
618,607.0,3554300,Teodoro Sampaio,SP,1555.803,0.0,0.0,0.0,0.0,0.0,0.0
619,608.0,3554409,Terra Roxa,SP,221.541,0.0,0.0,0.0,0.0,0.0,0.0
620,609.0,3554508,TietÃª,SP,404.396,0.0,0.0,0.0,0.0,0.0,0.0
621,610.0,3554607,Timburi,SP,196.79,0.0,0.0,0.0,0.0,0.0,0.0
622,611.0,3554656,Torre de Pedra,SP,71.348,0.0,0.0,0.0,0.0,0.0,0.0
623,612.0,3554706,Torrinha,SP,315.267,0.0,0.0,0.0,0.0,0.0,0.0
624,613.0,3554755,Trabiju,SP,63.421,0.0,0.0,0.0,0.0,0.0,0.0
625,614.0,3554805,TremembÃ©,SP,191.094,0.0,0.0,0.0,0.0,0.0,0.0
626,615.0,3554904,TrÃªs Fronteiras,SP,151.594,0.0,0.0,0.0,0.0,0.0,0.0
627,616.0,3554953,Tuiuti,SP,126.731,0.0,0.0,0.0,0.0,0.0,0.0
628,617.0,3555000,TupÃ£,SP,627.986,0.0,0.0,0.0,0.0,0.0,0.0
629,618.0,3555109,Tupi Paulista,SP,244.77,0.0,0.0,0.0,0.0,0.0,0.0
630,619.0,3555208,TuriÃºba,SP,153.235,0.0,0.0,0.0,0.0,0.0,0.0
631,625.0,3555703,UniÃ£o Paulista,SP,79.056,0.0,0.0,0.0,0.0,0.0,0.0
632,626.0,3555802,UrÃ¢nia,SP,209.262,0.0,0.0,0.0,0.0,0.0,0.0
633,627.0,3555901,Uru,SP,146.901,0.0,0.0,0.0,0.0,0.0,0.0
634,628.0,3556008,UrupÃªs,SP,323.916,0.0,0.0,0.0,0.0,0.0,0.0
635,629.0,3556107,Valentim Gentil,SP,149.741,0.0,0.0,0.0,0.0,0.0,0.0
636,630.0,3556206,Valinhos,SP,148.538,0.0,0.0,0.0,0.0,0.0,0.0
637,631.0,3556305,ValparaÃ­so,SP,857.661,0.0,0.0,0.0,0.0,0.0,0.0
638,632.0,3556354,Vargem,SP,142.595,0.0,0.0,0.0,0.0,0.0,0.0
639,633.0,3556404,Vargem Grande do Sul,SP,267.178,0.0,0.0,0.0,0.0,0.0,0.0
640,634.0,3556453,Vargem Grande Paulista,SP,42.489,0.0,0.0,0.0,0.0,0.0,0.0
641,635.0,3556503,VÃ¡rzea Paulista,SP,35.12,0.0,0.0,0.0,0.0,0.0,0.0
642,636.0,3556602,Vera Cruz,SP,247.716,0.0,0.0,0.0,0.0,0.0,0.0
643,637.0,3556701,Vinhedo,SP,80.95,0.0,0.0,0.0,0.0,0.0,0.0
644,638.0,3556800,Viradouro,SP,217.726,0.0,0.0,0.0,0.0,0.0,0.0
645,639.0,3556909,Vista Alegre do Alto,SP,95.429,0.0,0.0,0.0,0.0,0.0,0.0
